City_ID,City,Country,Date,Lat,Lng,Max Temp,Humidity,Cloudiness,Wind Speed,Current Description
0,Mataura,NZ,2022-09-11 22:21:08,-46.1927,168.8643,48.47,62,100,1.97,light rain
1,Puerto Ayora,EC,2022-09-11 22:19:09,-0.7393,-90.3518,75.16,86,75,5.01,broken clouds
2,Kindu,CD,2022-09-11 22:21:09,-2.95,25.95,69.75,98,91,1.3,moderate rain
3,Saint-Philippe,RE,2022-09-11 22:21:10,-21.3585,55.7679,67.59,80,37,8.63,scattered clouds
4,Clyde River,CA,2022-09-11 22:21:10,70.4692,-68.5914,39.43,100,100,5.75,overcast clouds
5,Kahta,TR,2022-09-11 22:21:10,37.7855,38.6237,79.97,18,0,1.52,clear sky
6,Rakitnoye,RU,2022-09-11 22:21:11,50.8389,35.8515,55.36,39,100,13.18,overcast clouds
7,Mahebourg,MU,2022-09-11 22:21:11,-20.4081,57.7,70.09,78,75,3.44,broken clouds
8,Los Llanos De Aridane,ES,2022-09-11 22:21:12,28.6585,-17.9182,71.35,93,0,3.44,clear sky
9,Frontera,MX,2022-09-11 22:21:12,26.9333,-101.45,89.35,40,75,11.5,broken clouds
10,Saskylakh,RU,2022-09-11 22:19:07,71.9167,114.0833,30.04,85,93,6.02,overcast clouds
11,Trapani,IT,2022-09-11 22:21:13,37.8333,12.6667,74.28,78,0,1.14,clear sky
12,Yaan,NG,2022-09-11 22:21:13,7.3833,8.5667,70.75,96,71,4.32,broken clouds
13,Yellowknife,CA,2022-09-11 22:21:14,62.456,-114.3525,48.72,76,100,12.66,light rain
14,Port Alfred,ZA,2022-09-11 22:21:14,-33.5906,26.891,57.18,85,98,3.0,overcast clouds
15,Hithadhoo,MV,2022-09-11 22:17:54,-0.6,73.0833,81.73,72,37,15.01,scattered clouds
16,Mogadishu,SO,2022-09-11 22:17:04,2.0371,45.3438,75.88,86,73,17.34,broken clouds
17,Castro,BR,2022-09-11 22:21:15,-24.7911,-50.0119,56.68,97,99,6.51,overcast clouds
18,Bredasdorp,ZA,2022-09-11 22:21:15,-34.5322,20.0403,50.92,73,95,2.84,overcast clouds
19,Staryy Krym,UA,2022-09-11 22:21:16,45.0333,35.1,60.04,70,1,2.95,clear sky
20,Mar Del Plata,AR,2022-09-11 22:17:04,-38.0023,-57.5575,56.08,82,0,18.01,clear sky
21,Kapaa,US,2022-09-11 22:20:24,22.0752,-159.319,84.18,80,75,6.91,moderate rain
22,Rikitea,PF,2022-09-11 22:21:17,-23.1203,-134.9692,73.13,73,3,6.62,clear sky
23,Madoc,CA,2022-09-11 22:21:17,44.5084,-77.4745,68.72,91,100,4.0,overcast clouds
24,Kargasok,RU,2022-09-11 22:21:17,59.0556,80.8572,31.86,94,4,7.02,clear sky
25,Trairi,BR,2022-09-11 22:16:42,-3.2778,-39.2689,77.83,81,13,12.57,few clouds
26,Taraz,KZ,2022-09-11 22:21:18,42.9,71.3667,43.21,56,1,6.71,clear sky
27,East London,ZA,2022-09-11 22:18:35,-33.0153,27.9116,61.03,74,100,19.19,light rain
28,Virginia Beach,US,2022-09-11 22:17:10,36.8529,-75.978,85.01,89,40,8.05,scattered clouds
29,Strezhevoy,RU,2022-09-11 22:21:19,60.7333,77.5889,33.67,93,8,5.01,clear sky
30,Dondo,MZ,2022-09-11 22:21:20,-19.6094,34.7431,67.78,93,0,5.14,clear sky
31,Port Elizabeth,ZA,2022-09-11 22:17:51,-33.918,25.5701,55.69,96,100,11.5,light intensity shower rain
32,The Valley,AI,2022-09-11 22:21:21,18.217,-63.0578,84.81,74,20,9.22,few clouds
33,Hobart,AU,2022-09-11 22:21:21,-42.8794,147.3294,43.05,73,40,12.66,scattered clouds
34,Hilo,US,2022-09-11 22:21:22,19.7297,-155.09,89.28,65,40,12.66,scattered clouds
35,Mount Gambier,AU,2022-09-11 22:18:56,-37.8333,140.7667,45.39,88,100,4.76,overcast clouds
36,Thompson,CA,2022-09-11 22:21:22,55.7435,-97.8558,69.96,35,20,12.66,few clouds
37,Tarko-Sale,RU,2022-09-11 22:21:22,64.9225,77.785,36.12,80,79,9.75,broken clouds
38,Georgetown,MY,2022-09-11 22:18:27,5.4112,100.3354,78.89,90,20,2.3,few clouds
39,Hermanus,ZA,2022-09-11 22:21:23,-34.4187,19.2345,50.81,67,95,5.64,overcast clouds
40,Olga,RU,2022-09-11 22:21:23,43.7444,135.2892,59.45,82,100,2.33,overcast clouds
41,New Norfolk,AU,2022-09-11 22:21:24,-42.7826,147.0587,42.71,90,55,8.84,broken clouds
42,San Patricio,US,2022-09-11 22:21:24,28.017,-97.5169,93.15,39,34,8.79,scattered clouds
43,Kamenka,RU,2022-09-11 22:21:25,51.3223,42.7678,53.51,46,100,11.81,light rain
44,Mansa,IN,2022-09-11 22:21:25,29.9833,75.3833,79.03,70,0,6.42,clear sky
45,Pevek,RU,2022-09-11 22:21:25,69.7008,170.3133,41.18,71,60,5.77,broken clouds
46,Cayenne,GF,2022-09-11 22:19:11,4.9333,-52.3333,80.64,74,0,3.44,clear sky
47,Ribeira Grande,PT,2022-09-11 22:21:26,38.5167,-28.7,73.15,79,100,22.17,overcast clouds
48,Busselton,AU,2022-09-11 22:21:26,-33.65,115.3333,57.78,88,58,8.25,light rain
49,Batagay-Alyta,RU,2022-09-11 22:21:27,67.8006,130.4114,34.65,58,100,3.02,overcast clouds
50,Xiongzhou,CN,2022-09-11 22:21:27,25.1167,114.3,71.89,65,74,0.65,broken clouds
51,Lavrentiya,RU,2022-09-11 22:21:28,65.5833,-171.0,46.04,73,100,19.46,overcast clouds
52,Aloleng,PH,2022-09-11 22:21:28,16.1307,119.7824,80.69,78,98,6.71,overcast clouds
53,Masuguru,TZ,2022-09-11 22:21:29,-11.3667,38.4167,71.74,71,21,6.04,few clouds
54,Marawi,PH,2022-09-11 22:21:29,7.9986,124.2928,68.25,91,97,3.56,overcast clouds
55,Ocampo,MX,2022-09-11 22:21:29,21.65,-101.5,68.0,47,40,16.33,scattered clouds
56,Kununurra,AU,2022-09-11 22:16:54,-15.7667,128.7333,73.38,83,21,0.0,few clouds
57,Cockburn Town,TC,2022-09-11 22:21:30,21.4612,-71.1419,83.93,73,2,11.14,clear sky
58,Provideniya,RU,2022-09-11 22:21:30,64.3833,-173.3,44.71,93,100,17.9,light intensity shower rain
59,Paide,EE,2022-09-11 22:21:30,58.8856,25.5572,44.24,81,100,4.63,overcast clouds
60,Ushuaia,AR,2022-09-11 22:17:23,-54.8,-68.3,42.46,61,75,21.85,broken clouds
61,Paita,PE,2022-09-11 22:21:31,-5.0892,-81.1144,66.72,75,4,19.64,clear sky
62,Katherine,AU,2022-09-11 22:21:31,-14.4667,132.2667,79.12,73,0,3.44,clear sky
63,Brae,GB,2022-09-11 22:21:32,60.3964,-1.353,55.74,94,100,12.71,overcast clouds
64,Port Hardy,CA,2022-09-11 22:21:32,50.6996,-127.4199,64.58,72,75,9.22,broken clouds
65,Barrow,US,2022-09-11 22:21:32,71.2906,-156.7887,35.62,93,100,18.41,mist
66,Tilichiki,RU,2022-09-11 22:21:33,60.4667,166.1,45.99,89,100,3.94,light rain
67,Kunyang,CN,2022-09-11 22:21:33,27.6658,120.5658,72.41,70,91,4.47,overcast clouds
68,Port Blair,IN,2022-09-11 22:21:34,11.6667,92.75,80.73,80,99,9.89,overcast clouds
69,Chokurdakh,RU,2022-09-11 22:21:34,70.6333,147.9167,39.2,79,100,6.87,overcast clouds
70,Bluff,NZ,2022-09-11 22:21:34,-46.6,168.3333,48.79,68,100,7.99,overcast clouds
71,Hirara,JP,2022-09-11 22:21:35,24.8,125.2833,79.07,89,75,32.21,broken clouds
72,Dikson,RU,2022-09-11 22:19:16,73.5069,80.5464,35.35,99,100,26.4,light rain
73,Kushiro,JP,2022-09-11 22:21:35,42.975,144.3747,61.75,100,75,3.44,fog
74,Acapulco,MX,2022-09-11 22:21:28,16.8634,-99.8901,84.02,79,75,6.91,broken clouds
75,Bairiki,KI,2022-09-11 22:21:36,1.3292,172.9752,86.0,70,40,9.22,scattered clouds
76,Guerrero Negro,MX,2022-09-11 22:21:36,27.9769,-114.0611,82.62,64,48,10.2,scattered clouds
77,Touros,BR,2022-09-11 22:21:37,-5.1989,-35.4608,77.36,77,70,17.4,broken clouds
78,Le Port,RE,2022-09-11 22:21:37,-20.9373,55.2919,71.89,89,5,4.12,clear sky
79,Eyl,SO,2022-09-11 22:21:37,7.9803,49.8164,78.03,77,48,21.65,scattered clouds
80,Yulara,AU,2022-09-11 22:21:38,-25.2406,130.9889,57.04,82,100,9.22,overcast clouds
81,Sitka,US,2022-09-11 22:21:38,57.0531,-135.33,60.69,63,75,14.97,broken clouds
82,Sokoto,NG,2022-09-11 22:21:38,13.0609,5.239,75.33,87,79,8.08,broken clouds
83,Albany,US,2022-09-11 22:21:39,42.6001,-73.9662,68.23,83,100,2.82,overcast clouds
84,Puerto Leguizamo,CO,2022-09-11 22:21:39,-0.1934,-74.7819,85.33,62,12,1.99,few clouds
85,Fushun,CN,2022-09-11 22:21:39,41.8558,123.9233,60.51,89,8,3.18,clear sky
86,Arica,CL,2022-09-11 22:17:50,-18.475,-70.3042,62.15,72,100,10.36,overcast clouds
87,Carnarvon,AU,2022-09-11 22:21:40,-24.8667,113.6333,64.71,70,78,2.3,broken clouds
88,Ponta Do Sol,PT,2022-09-11 22:21:40,32.6667,-17.1,77.72,86,100,11.7,light rain
89,Gwadar,PK,2022-09-11 22:21:41,25.1216,62.3254,81.48,86,56,10.98,broken clouds
90,Ust-Koksa,RU,2022-09-11 22:21:19,50.2696,85.6108,43.97,86,100,3.62,overcast clouds
91,Punta Arenas,CL,2022-09-11 22:21:41,-53.15,-70.9167,44.71,49,40,25.32,scattered clouds
92,Saint Anthony,US,2022-09-11 22:21:42,45.0205,-93.218,73.65,39,20,9.22,few clouds
93,Avarua,CK,2022-09-11 22:21:42,-21.2078,-159.775,78.85,69,40,8.05,scattered clouds
94,Celestun,MX,2022-09-11 22:21:43,20.8667,-90.4,84.6,71,100,3.06,overcast clouds
95,Vaini,TO,2022-09-11 22:21:43,-21.2,-175.2,80.76,74,20,9.22,few clouds
96,Qaanaaq,GL,2022-09-11 22:21:43,77.484,-69.3632,37.18,98,100,7.92,overcast clouds
97,Naze,JP,2022-09-11 22:21:44,28.3667,129.4833,77.92,84,99,16.49,overcast clouds
98,Faanui,PF,2022-09-11 22:19:16,-16.4833,-151.75,79.14,72,7,16.58,clear sky
99,Bengkulu,ID,2022-09-11 22:17:59,-3.8004,102.2655,74.28,86,81,4.05,broken clouds
100,Miles City,US,2022-09-11 22:21:45,46.4083,-105.8406,81.57,18,0,0.0,clear sky
101,Lumut,MY,2022-09-11 22:21:45,4.2323,100.6298,73.42,94,20,0.0,few clouds
102,Lago Da Pedra,BR,2022-09-11 22:21:45,-4.3333,-45.1667,89.56,29,100,4.63,overcast clouds
103,Dong Hoi,VN,2022-09-11 22:21:46,17.4833,106.6,77.63,89,21,3.6,few clouds
104,Cherskiy,RU,2022-09-11 22:21:46,68.75,161.3,41.27,82,99,5.88,overcast clouds
105,Harper,LR,2022-09-11 22:21:47,4.375,-7.7169,75.18,86,98,7.85,overcast clouds
106,Mount Isa,AU,2022-09-11 22:21:47,-20.7333,139.5,65.97,59,75,0.0,broken clouds
107,Flinders,AU,2022-09-11 22:21:47,-34.5833,150.8552,58.17,56,37,7.0,scattered clouds
108,Ahuimanu,US,2022-09-11 22:21:48,21.4447,-157.8378,85.86,67,75,16.11,broken clouds
109,Akureyri,IS,2022-09-11 22:21:48,65.6835,-18.0878,44.53,93,100,4.61,overcast clouds
110,Bethel,US,2022-09-11 22:21:49,41.3712,-73.414,70.11,85,100,5.75,light rain
111,Ust-Maya,RU,2022-09-11 22:21:49,60.4167,134.5333,36.27,78,7,2.48,clear sky
112,Chiredzi,ZW,2022-09-11 22:21:49,-21.05,31.6667,68.74,47,0,5.12,clear sky
113,Cape Town,ZA,2022-09-11 22:20:29,-33.9258,18.4232,57.38,70,20,9.22,few clouds
114,Jamestown,US,2022-09-11 22:21:00,42.097,-79.2353,69.94,73,100,3.44,overcast clouds
115,Barro,BR,2022-09-11 22:21:50,-6.7167,-38.8667,85.73,33,95,5.68,overcast clouds
116,Umm Lajj,SA,2022-09-11 22:21:50,25.0213,37.2685,86.45,66,4,8.68,clear sky
117,Bow Island,CA,2022-09-11 22:21:51,49.8668,-111.3684,88.86,13,29,12.66,scattered clouds
118,Sechura,PE,2022-09-11 22:21:51,-5.5569,-80.8222,71.13,61,5,18.57,clear sky
119,Santiago,CL,2022-09-11 22:17:03,-33.4569,-70.6483,58.55,59,20,8.05,few clouds
120,Luanda,AO,2022-09-11 22:17:06,-8.8368,13.2343,70.52,90,0,7.45,clear sky
121,Butaritari,KI,2022-09-11 22:21:52,3.0707,172.7902,82.13,69,90,11.23,overcast clouds
122,Maniitsoq,GL,2022-09-11 22:21:52,65.4167,-52.9,41.16,98,100,16.73,light rain
123,Ongandjera,NA,2022-09-11 22:21:52,-17.8833,15.0667,71.17,18,3,13.31,clear sky
124,Vallenar,CL,2022-09-11 22:17:00,-28.5708,-70.7581,62.91,44,0,5.77,clear sky
125,Satipo,PE,2022-09-11 22:21:53,-11.2522,-74.6386,83.19,52,99,2.48,overcast clouds
126,Puerto Ayacucho,VE,2022-09-11 22:17:52,5.6639,-67.6236,80.46,86,96,1.32,overcast clouds
127,Kidal,ML,2022-09-11 22:21:54,18.4411,1.4078,93.58,17,11,6.38,few clouds
128,Zhigansk,RU,2022-09-11 22:21:54,66.7697,123.3711,32.76,91,31,7.99,scattered clouds
129,Salalah,OM,2022-09-11 22:21:54,17.0151,54.0924,78.89,94,100,6.91,overcast clouds
130,Tapes,BR,2022-09-11 22:21:55,-30.6733,-51.3958,53.96,76,68,8.55,broken clouds
131,Severo-Kurilsk,RU,2022-09-11 22:21:55,50.6789,156.125,55.49,87,19,10.67,few clouds
132,Yalta,UA,2022-09-11 22:21:55,44.5,34.1667,68.0,74,24,2.91,few clouds
133,Spornoye,RU,2022-09-11 22:21:56,50.8448,37.2913,57.36,31,100,15.28,overcast clouds
134,Port-Cartier,CA,2022-09-11 22:21:56,50.0334,-66.8654,57.74,86,40,3.15,scattered clouds
135,Bafq,IR,2022-09-11 22:21:57,31.6128,55.4107,80.02,23,71,11.77,broken clouds
136,Turan,VN,2022-09-11 22:21:57,16.0678,108.2208,76.98,88,40,2.3,scattered clouds
137,Cangzhou,CN,2022-09-11 22:21:57,38.3167,116.8667,65.84,81,4,0.36,clear sky
138,Kaitangata,NZ,2022-09-11 22:21:58,-46.2817,169.8464,49.8,65,100,3.83,overcast clouds
139,Norman Wells,CA,2022-09-11 22:21:58,65.282,-126.8329,59.04,51,75,8.05,broken clouds
140,Kavaratti,IN,2022-09-11 22:21:59,10.5669,72.642,80.31,83,100,19.24,overcast clouds
141,Ancud,CL,2022-09-11 22:20:40,-41.8697,-73.8203,47.23,86,100,5.75,overcast clouds
142,Ballina,AU,2022-09-11 22:21:59,-28.8667,153.5667,63.01,78,100,3.96,overcast clouds
143,Palamos,ES,2022-09-11 22:22:00,41.8484,3.1291,75.38,71,37,7.11,scattered clouds
144,Sibolga,ID,2022-09-11 22:22:00,1.7427,98.7792,76.19,87,100,3.2,overcast clouds
145,Kirakira,SB,2022-09-11 22:22:00,-10.4544,161.9205,82.51,74,10,9.53,clear sky
146,Mandalgovi,MN,2022-09-11 22:22:01,45.7625,106.2708,55.65,64,38,7.34,scattered clouds
147,Padang,ID,2022-09-11 22:22:01,-0.9492,100.3543,75.6,81,100,3.94,overcast clouds
148,Sao Joao Da Barra,BR,2022-09-11 22:17:50,-21.6403,-41.0511,69.89,72,99,13.96,overcast clouds
149,Anadyr,RU,2022-09-11 22:22:02,64.75,177.4833,45.1,81,40,11.18,scattered clouds
150,San Matias,BO,2022-09-11 22:22:03,-16.3667,-58.4,89.73,22,12,1.41,few clouds
151,Tiksi,RU,2022-09-11 22:22:03,71.6872,128.8694,35.19,87,98,15.17,overcast clouds
152,Hasaki,JP,2022-09-11 22:22:03,35.7333,140.8333,75.29,87,93,17.87,overcast clouds
153,Yeppoon,AU,2022-09-11 22:22:04,-23.1333,150.7333,62.38,60,5,1.36,clear sky
154,Pelym,RU,2022-09-11 22:22:04,61.0108,61.9978,43.75,80,99,3.89,overcast clouds
155,Buala,SB,2022-09-11 22:22:05,-8.145,159.5921,81.99,73,80,11.14,light rain
156,Benguela,AO,2022-09-11 22:22:05,-12.5763,13.4055,70.02,85,16,2.3,few clouds
157,Baykit,RU,2022-09-11 22:22:06,61.67,96.37,41.81,98,99,2.89,overcast clouds
158,Olafsvik,IS,2022-09-11 22:22:07,64.8945,-23.7142,48.15,64,54,4.16,broken clouds
159,Pisco,PE,2022-09-11 22:22:07,-13.7,-76.2167,64.45,72,9,23.02,dust
160,Conde,BR,2022-09-11 22:22:08,-7.2597,-34.9075,72.86,88,0,9.22,clear sky
161,Fort Nelson,CA,2022-09-11 22:22:08,58.8053,-122.7002,62.19,31,75,6.91,broken clouds
162,Korla,CN,2022-09-11 22:22:08,41.7597,86.1469,79.56,19,99,12.68,overcast clouds
163,Magadan,RU,2022-09-11 22:22:09,59.5667,150.8,50.77,66,8,1.88,clear sky
164,Bandarbeyla,SO,2022-09-11 22:22:09,9.4942,50.8122,78.76,76,25,26.96,scattered clouds
165,Bulgan,MN,2022-09-11 22:22:10,48.8125,103.5347,48.94,88,34,1.59,scattered clouds
166,Moldova Sulita,RO,2022-09-11 22:22:10,47.6833,25.25,47.64,92,79,4.41,broken clouds
167,Quatre Cocos,MU,2022-09-11 22:22:11,-20.2078,57.7625,69.91,74,27,12.73,scattered clouds
168,Machali,CL,2022-09-11 22:22:11,-34.1833,-70.6667,52.88,76,20,6.91,few clouds
169,Lazarev,RU,2022-09-11 22:22:11,52.225,141.5131,53.8,87,100,7.67,overcast clouds
170,Esperance,AU,2022-09-11 22:22:12,-33.8667,121.9,61.2,56,50,18.28,scattered clouds
171,Hamilton,US,2022-09-11 22:18:00,39.1834,-84.5333,78.26,91,100,9.22,overcast clouds
172,Victoria,HK,2022-09-11 22:20:08,22.2855,114.1577,84.38,82,6,4.0,clear sky
173,Bedele,ET,2022-09-11 22:22:13,8.456,36.353,56.28,99,100,0.65,moderate rain
174,Abha,SA,2022-09-11 22:21:25,18.2164,42.5053,69.62,21,0,0.0,clear sky
175,Santa Vitoria Do Palmar,BR,2022-09-11 22:19:30,-33.5189,-53.3681,49.06,84,90,7.56,overcast clouds
176,Tuktoyaktuk,CA,2022-09-11 22:22:14,69.4541,-133.0374,39.2,75,100,0.0,overcast clouds
177,Fukue,JP,2022-09-11 22:22:14,32.6881,128.8419,79.43,84,98,7.99,overcast clouds
178,Durban,ZA,2022-09-11 22:22:15,-29.8579,31.0292,66.02,81,100,3.0,overcast clouds
179,Kodiak,US,2022-09-11 22:22:15,57.79,-152.4072,56.71,72,75,10.36,broken clouds
180,Vicente Guerrero,MX,2022-09-11 22:18:00,19.1194,-98.1708,70.99,70,95,2.64,overcast clouds
181,Yumen,CN,2022-09-11 22:22:16,40.2833,97.2,61.47,27,0,7.47,clear sky
182,Maryville,US,2022-09-11 22:18:54,35.7565,-83.9705,81.66,75,75,13.8,light rain
183,Salinopolis,BR,2022-09-11 22:22:16,-0.6136,-47.3561,79.27,82,82,10.2,broken clouds
184,Bambous Virieux,MU,2022-09-11 22:22:17,-20.3428,57.7575,70.05,78,75,3.44,broken clouds
185,Kuusamo,FI,2022-09-11 22:22:17,65.9667,29.1833,39.24,100,0,2.3,clear sky
186,Port Macquarie,AU,2022-09-11 22:22:17,-31.4333,152.9167,58.89,63,99,4.34,overcast clouds
187,Guymon,US,2022-09-11 22:22:18,36.6828,-101.4816,73.4,38,75,8.05,broken clouds
188,Arak,IR,2022-09-11 22:22:18,34.0917,49.6892,65.7,44,0,2.48,clear sky
189,Dudinka,RU,2022-09-11 22:22:19,69.4058,86.1778,36.63,89,100,11.72,overcast clouds
190,Berlevag,NO,2022-09-11 22:22:19,70.8578,29.0864,42.75,93,100,5.75,overcast clouds
191,Lasa,IT,2022-09-11 22:22:20,46.6166,10.7002,58.08,78,0,2.84,clear sky
192,Broome,US,2022-09-11 22:22:20,42.2506,-75.833,66.61,94,100,6.91,mist
193,Luchenza,MW,2022-09-11 22:22:20,-16.0069,35.3095,68.79,46,0,1.05,clear sky
194,Ambilobe,MG,2022-09-11 22:22:21,-13.2,49.05,71.08,68,89,4.94,overcast clouds
195,Constitucion,CL,2022-09-11 22:21:46,-35.3333,-72.4167,52.84,72,86,2.08,overcast clouds
196,Chiang Mai,TH,2022-09-11 22:22:21,18.75,99.0,76.89,91,75,3.44,light rain
197,Hambantota,LK,2022-09-11 22:22:22,6.1241,81.1185,77.63,84,23,17.09,few clouds
198,Port Lincoln,AU,2022-09-11 22:18:01,-34.7333,135.8667,52.5,87,57,4.0,broken clouds
199,Bambui,BR,2022-09-11 22:22:22,-20.0064,-45.9769,84.79,22,41,4.59,scattered clouds
200,Brewster,US,2022-09-11 22:21:46,41.3973,-73.6171,69.91,92,100,5.75,light rain
201,Bulungu,CD,2022-09-11 22:22:23,-4.55,18.6,73.2,83,84,3.6,light rain
202,Pemangkat,ID,2022-09-11 22:22:23,1.1667,108.9667,77.54,85,100,2.13,overcast clouds
203,Huarmey,PE,2022-09-11 22:22:24,-10.0681,-78.1522,64.96,75,13,12.55,few clouds
204,Faya,SA,2022-09-11 22:22:24,18.3851,42.4509,69.91,29,53,5.35,broken clouds
205,Nikolskoye,RU,2022-09-11 22:22:25,59.7035,30.7861,46.87,82,100,4.07,overcast clouds
206,Bubaque,GW,2022-09-11 22:22:25,11.2833,-15.8333,78.01,85,100,13.58,light rain
207,Dingle,PH,2022-09-11 22:22:25,10.9995,122.6711,74.73,91,77,3.13,broken clouds
208,Pangnirtung,CA,2022-09-11 22:22:26,66.1451,-65.7125,42.13,99,100,8.48,moderate rain
209,Arraial Do Cabo,BR,2022-09-11 22:22:26,-22.9661,-42.0278,67.86,73,100,2.3,overcast clouds
210,Soyo,AO,2022-09-11 22:22:26,-6.1349,12.3689,72.57,87,0,5.48,clear sky
211,Maryborough,AU,2022-09-11 22:22:27,-25.5333,152.7,64.11,59,100,1.95,overcast clouds
212,Livny,RU,2022-09-11 22:22:27,52.4253,37.6069,47.5,86,100,11.79,overcast clouds
213,Vestmannaeyjar,IS,2022-09-11 22:22:27,63.4427,-20.2734,50.52,82,0,16.55,clear sky
214,Muli,MV,2022-09-11 22:22:28,2.9167,73.5667,81.73,77,57,12.71,broken clouds
215,Najran,SA,2022-09-11 22:22:28,17.4924,44.1277,79.45,22,47,4.41,scattered clouds
216,Myitkyina,MM,2022-09-11 22:22:29,25.3833,97.4,72.79,100,91,0.78,overcast clouds
217,Fare,PF,2022-09-11 22:22:29,-16.7,-151.0167,79.57,68,0,16.28,clear sky
218,Camacha,PT,2022-09-11 22:22:29,33.0833,-16.3333,72.82,83,40,8.05,scattered clouds
219,Kloulklubed,PW,2022-09-11 22:22:30,7.0419,134.2556,79.3,78,98,11.65,overcast clouds
220,Jalu,LY,2022-09-11 22:22:30,29.0331,21.5482,82.6,42,0,9.19,clear sky
221,Cap-Aux-Meules,CA,2022-09-11 22:20:02,47.3821,-61.8597,64.45,77,20,12.66,few clouds
222,Mahajanga,MG,2022-09-11 22:22:31,-15.7167,46.3167,69.82,94,40,3.44,scattered clouds
223,Cairns,AU,2022-09-11 22:21:26,-16.9167,145.7667,77.07,73,40,8.05,scattered clouds
224,Vila Franca Do Campo,PT,2022-09-11 22:22:32,37.7167,-25.4333,72.01,83,93,21.59,overcast clouds
225,Salta,AR,2022-09-11 22:22:32,-24.7859,-65.4117,66.79,27,0,10.36,clear sky
226,Raga,SS,2022-09-11 22:22:32,8.4596,25.678,70.47,97,86,3.85,overcast clouds
227,Swakopmund,NA,2022-09-11 22:22:33,-22.6833,14.5333,54.99,88,0,3.0,clear sky
228,Taoudenni,ML,2022-09-11 22:22:33,22.6783,-3.9836,98.91,13,34,2.28,scattered clouds
229,Labuan,MY,2022-09-11 22:22:33,5.2767,115.2417,79.16,94,20,2.3,few clouds
230,Lityn,UA,2022-09-11 22:22:34,49.3251,28.0809,53.04,93,100,9.17,overcast clouds
231,Abnub,EG,2022-09-11 22:22:34,27.2696,31.1511,79.02,26,0,7.07,clear sky
232,San Felipe,VE,2022-09-11 22:22:35,10.3399,-68.7425,80.67,76,88,6.85,light rain
233,Xilagani,GR,2022-09-11 22:22:35,40.9833,25.4167,69.19,70,6,2.48,light rain
234,Dera Ismail Khan,PK,2022-09-11 22:22:35,31.8327,70.9024,88.38,53,0,10.38,clear sky
235,Pacific Grove,US,2022-09-11 22:22:36,36.6177,-121.9166,87.75,72,20,10.36,few clouds
236,Elizabeth City,US,2022-09-11 22:22:36,36.2946,-76.2511,82.99,82,0,6.91,clear sky
237,Port Hedland,AU,2022-09-11 22:22:36,-20.3167,118.5667,59.05,94,0,5.75,clear sky
238,Tuy Hoa,VN,2022-09-11 22:22:37,13.0833,109.3,75.81,90,52,3.36,broken clouds
239,Udachnyy,RU,2022-09-11 22:22:37,66.4167,112.4,34.2,99,100,10.16,snow
240,Tasiilaq,GL,2022-09-11 22:22:38,65.6145,-37.6368,39.36,76,100,8.97,overcast clouds
241,Ada,US,2022-09-11 22:22:38,43.4166,-116.1262,86.29,16,0,5.75,haze
242,Erdenet,MN,2022-09-11 22:22:38,49.0333,104.0833,48.15,83,75,3.67,broken clouds
243,Nome,US,2022-09-11 22:22:39,64.5011,-165.4064,50.16,93,100,18.41,mist
244,Taltal,CL,2022-09-11 22:20:20,-25.4,-70.4833,58.26,69,53,6.55,broken clouds
245,Narsaq,GL,2022-09-11 22:22:39,60.9167,-46.05,46.62,88,76,5.3,broken clouds
246,Vostok,RU,2022-09-11 22:22:40,46.4856,135.8833,57.85,78,99,2.26,overcast clouds
247,Tavares,US,2022-09-11 22:22:40,28.8042,-81.7256,87.21,67,0,3.44,clear sky
248,Gilgit,PK,2022-09-11 22:22:40,35.9221,74.3087,68.72,74,98,2.66,overcast clouds
249,Khatanga,RU,2022-09-11 22:22:41,71.9667,102.5,30.49,82,81,5.7,broken clouds
250,Champerico,GT,2022-09-11 22:22:41,14.3,-91.9167,81.14,76,57,8.5,broken clouds
251,Svetlyy,RU,2022-09-11 22:22:41,54.675,20.1347,50.05,67,10,9.17,clear sky
252,Upernavik,GL,2022-09-11 22:22:42,72.7868,-56.1549,40.24,95,100,25.12,overcast clouds
253,Atuona,PF,2022-09-11 22:22:43,-9.8,-139.0333,76.86,70,0,16.62,clear sky
254,Mahibadhoo,MV,2022-09-11 22:22:43,3.7833,72.9667,81.41,77,20,13.78,few clouds
255,Gat,IL,2022-09-11 22:22:43,31.61,34.7642,75.88,73,0,0.63,clear sky
256,Codrington,AU,2022-09-11 22:22:44,-38.2667,141.9667,48.45,79,100,9.37,overcast clouds
257,Tuatapere,NZ,2022-09-11 22:22:44,-46.1333,167.6833,49.68,82,100,5.28,overcast clouds
258,Hohhot,CN,2022-09-11 22:22:45,40.8106,111.6522,52.09,82,20,4.47,few clouds
259,Umaria,IN,2022-09-11 22:22:45,23.5333,80.8333,71.89,97,37,3.49,scattered clouds
260,Beernem,BE,2022-09-11 22:22:45,51.1515,3.342,63.36,86,44,6.55,scattered clouds
261,Torbay,CA,2022-09-11 22:22:46,47.6666,-52.7314,59.58,98,100,19.57,moderate rain
262,Minggang,CN,2022-09-11 22:22:46,32.4586,114.0486,66.58,69,0,3.27,clear sky
263,Luohe,CN,2022-09-11 22:22:47,33.5717,114.0353,65.88,72,0,1.95,clear sky
264,Arnprior,CA,2022-09-11 22:22:23,45.4334,-76.3494,74.64,77,100,9.33,overcast clouds
265,Avinurme,EE,2022-09-11 22:22:47,58.9822,26.8642,46.4,84,100,4.61,overcast clouds
266,Lorengau,PG,2022-09-11 22:22:48,-2.0226,147.2712,81.23,79,95,8.01,overcast clouds
267,Martapura,ID,2022-09-11 22:22:48,-3.4167,114.85,73.49,100,94,2.3,overcast clouds
268,Nuuk,GL,2022-09-11 22:21:43,64.1835,-51.7216,48.81,71,75,31.07,broken clouds
269,Kenai,US,2022-09-11 22:22:48,60.5544,-151.2583,54.09,94,100,6.91,light rain
270,Sao Filipe,CV,2022-09-11 22:22:49,14.8961,-24.4956,78.51,81,27,11.14,scattered clouds
271,Mosquera,CO,2022-09-11 22:18:59,4.7059,-74.2302,64.49,45,20,5.75,few clouds
272,Estrella,PH,2022-09-11 22:22:49,15.75,121.0333,72.77,96,99,0.36,overcast clouds
273,Geraldton,AU,2022-09-11 22:22:50,-28.7667,114.6,52.21,93,0,12.66,clear sky
274,Cabo Rojo,PR,2022-09-11 22:22:51,18.0866,-67.1457,85.96,84,100,1.01,overcast clouds
275,San Policarpo,PH,2022-09-11 22:22:51,12.1791,125.5072,78.33,86,84,4.54,broken clouds
276,Bang Saphan,TH,2022-09-11 22:22:51,11.2126,99.5117,75.15,93,100,2.84,light rain
277,Mukhen,RU,2022-09-11 22:22:52,48.1,136.1,60.67,82,89,3.09,overcast clouds
278,College,US,2022-09-11 22:22:52,64.8569,-147.8028,59.58,56,75,5.75,broken clouds
279,Angoram,PG,2022-09-11 22:22:52,-4.0625,144.0661,75.83,90,100,1.97,overcast clouds
280,Warora,IN,2022-09-11 22:22:53,20.2333,79.0,73.67,96,100,10.51,overcast clouds
281,San Cristobal,VE,2022-09-11 22:22:53,7.7669,-72.225,80.78,62,54,4.74,broken clouds
282,Labuhan,ID,2022-09-11 22:22:54,-6.8844,112.2051,77.63,84,27,5.68,scattered clouds
283,Goure,NE,2022-09-11 22:22:54,13.9835,10.2704,83.01,50,75,7.67,broken clouds
284,Nanortalik,GL,2022-09-11 22:22:54,60.1432,-45.2371,43.18,94,57,7.67,broken clouds
285,Asau,RO,2022-09-11 22:22:55,46.4333,26.4,58.12,86,34,6.15,scattered clouds
286,Coquimbo,CL,2022-09-11 22:22:55,-29.9533,-71.3436,58.73,58,20,10.36,few clouds
287,Half Moon Bay,US,2022-09-11 22:22:55,37.4636,-122.4286,89.89,64,0,19.57,haze
288,Talara,PE,2022-09-11 22:22:56,-4.5772,-81.2719,64.63,82,5,20.8,clear sky
289,Sabang,ID,2022-09-11 22:22:56,5.8933,95.3214,81.55,73,100,9.01,overcast clouds
290,Alice Springs,AU,2022-09-11 22:22:57,-23.7,133.8833,57.22,26,100,10.36,overcast clouds
291,Kontagora,NG,2022-09-11 22:22:57,10.3999,5.4695,71.37,94,92,0.63,overcast clouds
292,Kiama,AU,2022-09-11 22:22:57,-34.6833,150.8667,58.57,54,45,13.0,scattered clouds
293,Hovd,MN,2022-09-11 22:22:58,48.0056,91.6419,60.69,35,81,6.6,broken clouds
294,Paamiut,GL,2022-09-11 22:22:58,61.994,-49.6678,42.96,94,100,16.49,light rain
295,Koslan,RU,2022-09-11 22:22:58,63.4564,48.8989,41.38,97,88,4.12,overcast clouds
296,Davila,PH,2022-09-11 22:22:59,18.4726,120.5763,78.78,79,87,12.64,overcast clouds
297,Aklavik,CA,2022-09-11 22:22:59,68.2191,-135.0107,42.3,86,100,1.77,overcast clouds
298,Forio,IT,2022-09-11 22:23:00,40.7342,13.8646,74.43,81,0,1.01,clear sky
299,Teluknaga,ID,2022-09-11 22:23:00,-6.0989,106.6381,80.64,88,20,2.3,mist
300,Abu Dhabi,AE,2022-09-11 22:22:27,24.4667,54.3667,87.82,84,10,2.3,clear sky
301,Lisala,CD,2022-09-11 22:23:00,2.15,21.5167,69.24,99,99,2.33,overcast clouds
302,Camabatela,AO,2022-09-11 22:23:01,-8.1881,15.375,64.49,78,54,8.05,broken clouds
303,Pedro Carbo,EC,2022-09-11 22:23:01,-1.8333,-80.2333,81.95,58,67,10.87,broken clouds
304,Leningradskiy,RU,2022-09-11 22:23:02,69.3833,178.4167,40.98,75,9,8.37,clear sky
305,Sao Caetano De Odivelas,BR,2022-09-11 22:23:02,-0.75,-48.02,75.88,92,58,8.68,broken clouds
306,Kruisfontein,ZA,2022-09-11 22:23:03,-34.0033,24.7314,52.88,79,100,10.49,overcast clouds
307,Ilulissat,GL,2022-09-11 22:23:03,69.2167,-51.1,48.22,76,100,11.5,light intensity shower rain
308,Ketchikan,US,2022-09-11 22:23:04,55.3422,-131.6461,64.87,48,0,11.5,clear sky
309,Upata,VE,2022-09-11 22:23:04,8.0086,-62.3989,74.68,89,87,3.69,overcast clouds
310,Talnakh,RU,2022-09-11 22:23:04,69.4865,88.3972,36.21,94,100,8.88,light rain
311,Grand Gaube,MU,2022-09-11 22:23:05,-20.0064,57.6608,70.2,75,40,4.0,scattered clouds
312,Noumea,NC,2022-09-11 22:19:03,-22.2763,166.4572,78.01,99,72,7.36,broken clouds
313,Ixtapa,MX,2022-09-11 22:23:05,20.7,-105.2,87.03,70,75,8.05,broken clouds
314,Adrar,MR,2022-09-11 22:23:06,20.5022,-10.0711,96.24,25,13,5.61,few clouds
315,Labytnangi,RU,2022-09-11 22:23:06,66.6572,66.4183,42.1,87,89,10.83,overcast clouds
316,Dengfeng,CN,2022-09-11 22:23:07,34.4553,113.0281,66.78,59,0,2.35,clear sky
317,Skibbereen,IE,2022-09-11 22:23:07,51.55,-9.2667,62.11,97,100,5.86,overcast clouds
318,Corrales,US,2022-09-11 22:23:08,35.2378,-106.6067,85.23,37,40,10.0,scattered clouds
319,Gimli,CA,2022-09-11 22:23:08,50.6336,-96.9907,77.02,31,0,13.8,clear sky
320,Durg,IN,2022-09-11 22:20:43,21.1833,81.2833,74.35,95,100,3.04,overcast clouds
321,Klaksvik,FO,2022-09-11 22:23:09,62.2266,-6.589,47.32,95,95,4.07,overcast clouds
322,Havoysund,NO,2022-09-11 22:20:28,70.9963,24.6622,44.83,96,100,15.21,light rain
323,Ucluelet,CA,2022-09-11 22:23:10,48.9329,-125.5528,68.31,80,52,1.01,broken clouds
324,Xining,CN,2022-09-11 22:21:50,36.6167,101.7667,48.96,74,0,2.57,clear sky
325,Pogranichnyy,RU,2022-09-11 22:23:10,44.4064,131.3769,61.07,96,58,2.82,broken clouds
326,Mayumba,GA,2022-09-11 22:23:11,-3.432,10.6554,73.9,86,97,6.69,overcast clouds
327,Kuyanovo,RU,2022-09-11 22:23:11,55.8014,54.5372,44.64,90,87,4.52,overcast clouds
328,Henties Bay,NA,2022-09-11 22:23:12,-22.116,14.2845,54.64,92,1,7.7,clear sky
329,Airai,TL,2022-09-11 22:23:12,-8.9266,125.4092,56.66,61,78,2.68,broken clouds
330,Killybegs,IE,2022-09-11 22:23:13,54.6333,-8.45,60.01,94,100,4.85,overcast clouds
331,Roncq,FR,2022-09-11 22:23:14,50.7533,3.1213,62.11,84,79,5.95,broken clouds
332,Ostrovnoy,RU,2022-09-11 22:23:15,68.0531,39.5131,47.98,95,100,6.13,light rain
333,Cidreira,BR,2022-09-11 22:23:15,-30.1811,-50.2056,55.04,72,51,11.18,broken clouds
334,Sioux Lookout,CA,2022-09-11 22:23:15,50.1001,-91.917,68.07,45,20,5.75,few clouds
335,Massaguet,TD,2022-09-11 22:23:16,12.4755,15.4365,81.73,72,79,5.82,broken clouds
336,Longyearbyen,SJ,2022-09-11 22:23:16,78.2186,15.6401,35.44,80,75,12.66,broken clouds
337,Adilabad,IN,2022-09-11 22:23:17,19.6667,78.5333,73.81,94,100,10.09,overcast clouds
338,Laredo,US,2022-09-11 22:23:17,27.5064,-99.5075,93.49,38,20,9.22,few clouds
339,Mehamn,NO,2022-09-11 22:23:17,71.0357,27.8492,42.71,91,100,5.95,light rain
340,Ndioum,SN,2022-09-11 22:23:18,16.5129,-14.6471,90.55,50,96,8.21,overcast clouds
341,Grindavik,IS,2022-09-11 22:23:18,63.8424,-22.4338,48.15,87,0,11.5,clear sky
342,Tauranga,NZ,2022-09-11 22:22:24,-37.6861,176.1667,59.94,93,100,1.01,overcast clouds
343,Banjar,ID,2022-09-11 22:23:19,-8.19,114.9675,74.21,90,96,2.3,overcast clouds
344,Krasnyy Profintern,RU,2022-09-11 22:23:19,57.7446,40.435,39.22,75,96,7.0,overcast clouds
345,Kharp,RU,2022-09-11 22:23:20,66.8014,65.8081,40.87,90,95,7.74,overcast clouds
346,Gilbues,BR,2022-09-11 22:23:20,-9.8317,-45.3439,84.61,23,95,3.31,overcast clouds
347,Beloha,MG,2022-09-11 22:23:21,-25.1667,45.05,66.13,65,0,2.55,clear sky
348,Muroto,JP,2022-09-11 22:23:21,33.2833,134.15,80.82,79,33,17.83,scattered clouds
349,Biltine,TD,2022-09-11 22:23:21,14.5333,20.9167,87.89,39,69,4.41,broken clouds
350,Llanes,ES,2022-09-11 22:23:22,43.4198,-4.7549,74.05,64,99,9.93,overcast clouds
351,Ewa Beach,US,2022-09-11 22:23:22,21.3156,-158.0072,86.09,63,0,16.11,clear sky
352,Manitouwadge,CA,2022-09-11 22:23:22,49.1215,-85.8403,66.54,50,100,2.77,overcast clouds
353,Mehtar Lam,AF,2022-09-11 22:23:23,34.6714,70.2094,76.87,80,9,2.1,clear sky
354,Kavieng,PG,2022-09-11 22:20:29,-2.5744,150.7967,82.6,64,29,14.23,scattered clouds
355,Tual,ID,2022-09-11 22:23:23,-5.6667,132.75,80.33,83,34,14.18,scattered clouds
356,Flin Flon,CA,2022-09-11 22:23:24,54.7682,-101.865,73.24,25,20,11.5,smoke
357,Inuvik,CA,2022-09-11 22:23:24,68.3499,-133.7218,43.56,81,75,2.3,broken clouds
358,Kupino,RU,2022-09-11 22:23:25,54.3663,77.2981,47.32,90,100,19.22,moderate rain
359,Rapla,EE,2022-09-11 22:23:25,59.0072,24.7928,44.31,81,32,4.61,scattered clouds
360,Ihlow,DE,2022-09-11 22:23:25,51.8833,13.3333,57.15,80,100,5.21,overcast clouds
361,Verkhoyansk,RU,2022-09-11 22:23:26,67.5447,133.385,38.21,91,100,3.42,overcast clouds
362,Chimbote,PE,2022-09-11 22:23:26,-9.0853,-78.5783,64.17,76,11,12.84,few clouds
363,Swan Hill,AU,2022-09-11 22:23:27,-35.3378,143.5544,49.06,83,78,6.15,broken clouds
364,Mizdah,LY,2022-09-11 22:23:27,31.4451,12.9801,78.06,52,6,6.35,clear sky
365,Meadow Lake,US,2022-09-11 22:23:27,34.8014,-106.5436,83.68,40,43,6.49,scattered clouds
366,Jibuti,DJ,2022-09-11 22:23:28,11.5,42.5,81.72,47,43,5.35,light rain
367,Bac Lieu,VN,2022-09-11 22:19:09,9.285,105.7244,75.34,96,100,5.86,light rain
368,Souillac,MU,2022-09-11 22:23:28,-20.5167,57.5167,70.18,78,75,3.44,broken clouds
369,Nigde,TR,2022-09-11 22:23:29,37.8333,34.75,62.33,34,0,4.03,clear sky
370,Mayo,US,2022-09-11 22:23:29,38.8876,-76.5119,79.21,93,100,16.11,mist
371,Bontang,ID,2022-09-11 22:23:29,0.1333,117.5,73.98,89,100,4.05,overcast clouds
372,Colares,PT,2022-09-11 22:23:30,38.7992,-9.4469,70.79,75,100,11.99,light rain
373,Lithgow,AU,2022-09-11 22:23:30,-33.4833,150.15,41.94,68,2,8.99,clear sky
374,Nantucket,US,2022-09-11 22:19:09,41.2835,-70.0995,78.91,64,75,8.05,broken clouds
375,Namatanai,PG,2022-09-11 22:23:31,-3.6667,152.4333,81.66,63,55,10.87,broken clouds
376,Yurimaguas,PE,2022-09-11 22:23:31,-5.9,-76.0833,93.4,38,46,5.06,scattered clouds
377,Mwense,ZM,2022-09-11 22:23:31,-10.3845,28.698,76.14,39,94,1.34,overcast clouds
378,Agadez,NE,2022-09-11 22:23:32,19.75,10.25,87.04,13,0,10.18,clear sky
379,Bataipora,BR,2022-09-11 22:23:32,-22.2953,-53.2711,75.99,52,19,6.49,few clouds
380,Beringovskiy,RU,2022-09-11 22:23:33,63.05,179.3167,46.78,77,98,16.49,overcast clouds
381,Tres Arroyos,AR,2022-09-11 22:23:33,-38.3739,-60.2798,56.91,35,99,7.56,overcast clouds
382,Usinsk,RU,2022-09-11 22:23:33,65.9939,57.5281,42.87,96,100,11.01,overcast clouds
383,Nara,JP,2022-09-11 22:18:56,34.6851,135.8049,80.49,61,100,2.98,overcast clouds
384,Ghanzi,BW,2022-09-11 22:23:34,-21.5667,21.7833,63.66,17,0,2.93,clear sky
385,Victoria Point,AU,2022-09-11 22:23:34,-27.5833,153.3,64.36,74,100,1.01,overcast clouds
386,Olavarria,AR,2022-09-11 22:23:35,-36.8927,-60.3225,60.03,44,100,5.73,overcast clouds
387,Siocon,PH,2022-09-11 22:23:35,7.7061,122.1353,78.39,86,100,2.37,overcast clouds
388,Swift Current,CA,2022-09-11 22:18:59,50.2834,-107.8014,88.61,12,0,17.27,clear sky
389,Vila Velha,BR,2022-09-11 22:23:35,-20.3297,-40.2925,71.55,86,100,13.8,overcast clouds
390,Loandjili,CG,2022-09-11 22:23:36,-4.7561,11.8578,73.51,94,20,4.61,few clouds
391,Constantine,DZ,2022-09-11 22:19:45,36.365,6.6147,76.41,41,0,2.3,clear sky
392,Caravelas,BR,2022-09-11 22:20:36,-17.7125,-39.2481,70.36,76,4,4.52,clear sky
393,Nanma,CN,2022-09-11 22:23:36,36.1817,118.1583,63.99,91,0,1.7,clear sky
394,Cherat,PK,2022-09-11 22:23:37,33.8233,71.8915,66.13,84,3,1.83,clear sky
395,Srednekolymsk,RU,2022-09-11 22:23:37,67.45,153.6833,41.92,88,100,9.62,overcast clouds
396,Fez,MA,2022-09-11 22:19:18,34.0372,-4.9998,93.45,18,40,12.66,thunderstorm
397,Omboue,GA,2022-09-11 22:23:38,-1.5746,9.2618,75.09,82,64,8.05,broken clouds
398,Whitianga,NZ,2022-09-11 22:21:48,-36.8333,175.7,59.88,87,99,14.47,overcast clouds
399,Husum,DE,2022-09-11 22:23:39,54.4858,9.0524,59.14,89,10,1.12,clear sky
400,Eureka,US,2022-09-11 22:22:22,40.8021,-124.1637,71.2,85,99,1.99,overcast clouds
401,Shimoda,JP,2022-09-11 22:23:39,34.6667,138.95,73.11,77,30,17.74,scattered clouds
402,San Quintin,MX,2022-09-11 22:23:40,30.4833,-115.95,77.59,76,3,10.94,clear sky
403,Santa Ines,BR,2022-09-11 22:20:07,-3.6667,-45.38,84.52,43,94,5.75,overcast clouds
404,Kahului,US,2022-09-11 22:23:40,20.8947,-156.47,87.82,68,40,19.57,scattered clouds
405,Petropavlovsk-Kamchatskiy,RU,2022-09-11 22:23:41,53.0452,158.6483,57.79,63,20,6.71,few clouds
406,Nouadhibou,MR,2022-09-11 22:23:41,20.931,-17.0347,73.99,78,7,27.51,clear sky
407,Amos,CA,2022-09-11 22:23:41,48.5669,-78.1162,65.17,88,100,7.31,overcast clouds
408,Malchin,DE,2022-09-11 22:23:42,53.7333,12.7833,56.52,88,53,5.73,broken clouds
409,San Ramon,US,2022-09-11 22:23:42,37.7799,-121.978,89.94,25,0,14.97,clear sky
410,Kasungu,MW,2022-09-11 22:23:43,-13.0333,33.4833,67.14,46,0,4.74,clear sky
411,Lompoc,US,2022-09-11 22:23:43,34.6391,-120.4579,85.89,61,0,14.97,clear sky
412,Faridkot,IN,2022-09-11 22:23:43,30.6667,74.75,79.12,70,0,6.33,clear sky
413,Kindia,GN,2022-09-11 22:23:44,10.0569,-12.8658,69.66,99,99,2.33,light rain
414,Fort Morgan,US,2022-09-11 22:23:44,40.2503,-103.8,76.42,23,0,0.0,clear sky
415,Yarmouth,US,2022-09-11 22:23:45,41.7057,-70.2286,77.05,72,100,3.44,overcast clouds
416,Chuy,UY,2022-09-11 22:23:45,-33.6971,-53.4616,48.47,85,73,7.58,broken clouds
417,Ciro Marina,IT,2022-09-11 22:23:45,39.3732,17.126,76.37,67,0,10.31,clear sky
418,Antalaha,MG,2022-09-11 22:23:46,-14.9003,50.2788,67.35,86,74,5.88,light rain
419,Formiga,BR,2022-09-11 22:20:48,-20.4644,-45.4264,79.66,27,23,3.67,few clouds
420,Kiruna,SE,2022-09-11 22:23:46,67.8557,20.2251,41.92,81,20,5.75,light rain
421,Aripuana,BR,2022-09-11 22:23:47,-9.1667,-60.6333,87.22,40,59,0.78,broken clouds
422,Gamba,GA,2022-09-11 22:23:47,-2.65,10.0,74.14,82,100,7.14,overcast clouds
423,Golden,US,2022-09-11 22:19:10,39.7555,-105.2211,79.18,28,0,6.91,clear sky
424,Hobyo,SO,2022-09-11 22:23:48,5.3505,48.5268,76.05,87,66,22.39,broken clouds
425,Nizhniy Ingash,RU,2022-09-11 22:21:22,56.2,96.53,48.92,85,100,4.27,overcast clouds
426,Kailua,US,2022-09-11 22:23:48,21.4022,-157.7394,86.14,67,95,5.01,overcast clouds
427,Luderitz,NA,2022-09-11 22:23:48,-26.6481,15.1594,58.68,69,56,25.26,broken clouds
428,Xiamen,CN,2022-09-11 22:23:49,24.4798,118.0819,82.26,78,0,2.24,clear sky
429,Dunedin,NZ,2022-09-11 22:23:49,-45.8742,170.5036,49.8,83,100,1.99,overcast clouds
430,Cartagena Del Chaira,CO,2022-09-11 22:23:50,1.3349,-74.8429,86.0,61,27,1.32,scattered clouds
431,Bambanglipuro,ID,2022-09-11 22:23:50,-7.95,110.2833,74.55,92,81,3.11,light rain
432,Kirovskiy,RU,2022-09-11 22:23:51,45.0917,133.5136,58.78,86,97,3.83,overcast clouds
433,Bowen,AU,2022-09-11 22:21:55,-20.0167,148.2333,67.64,82,2,6.96,clear sky
434,Atar,MR,2022-09-11 22:23:51,20.5169,-13.0499,97.93,26,34,6.93,scattered clouds
435,Altay,CN,2022-09-11 22:23:52,47.8667,88.1167,59.74,75,100,2.66,moderate rain
436,Bay Roberts,CA,2022-09-11 22:23:52,47.5999,-53.2648,60.33,96,100,13.0,moderate rain
437,Saint-Pierre,RE,2022-09-11 22:23:53,-21.3393,55.4781,71.56,52,75,8.05,broken clouds
438,Husavik,IS,2022-09-11 22:23:54,66.0449,-17.3389,47.39,96,100,4.41,overcast clouds
439,Chama,CH,2022-09-11 22:23:54,47.1821,8.4636,57.42,100,3,0.0,clear sky
440,Ariquemes,BR,2022-09-11 22:23:55,-9.9133,-63.0408,85.3,51,82,2.39,light rain
441,Parana,AR,2022-09-11 22:23:55,-31.732,-60.5238,63.55,34,18,8.68,few clouds
442,Tecpan,GT,2022-09-11 22:23:55,14.7623,-90.9947,60.89,96,99,3.94,overcast clouds
443,Aldan,RU,2022-09-11 22:23:56,58.6031,125.3894,37.78,82,9,3.27,clear sky
444,Fortuna,US,2022-09-11 22:23:56,40.5982,-124.1573,70.93,82,0,8.05,clear sky
445,Queenstown,ZA,2022-09-11 22:23:56,-31.8976,26.8753,49.32,76,99,11.14,overcast clouds
446,Burhaniye,TR,2022-09-11 22:23:57,39.5004,26.9727,67.91,77,0,6.91,clear sky
447,Voh,NC,2022-09-11 22:23:57,-20.9667,164.7,78.84,75,2,3.4,clear sky
448,Hailar,CN,2022-09-11 22:23:57,49.2,119.7,43.88,95,11,9.89,few clouds
449,Kawalu,ID,2022-09-11 22:23:58,-7.3817,108.2082,71.26,96,92,1.25,overcast clouds
450,Balakhninskiy,RU,2022-09-11 22:23:58,58.0106,114.2769,37.18,91,18,2.98,few clouds
451,Erenhot,CN,2022-09-11 22:23:59,43.6475,111.9767,63.45,57,8,12.57,clear sky
452,San Buenaventura,MX,2022-09-11 22:23:11,27.0833,-101.5333,90.52,40,75,11.5,broken clouds
453,Neuquen,AR,2022-09-11 22:23:59,-38.9516,-68.0591,67.89,19,0,11.5,clear sky
454,Amurzet,RU,2022-09-11 22:24:00,47.6967,131.0981,62.53,93,99,1.5,overcast clouds
455,Aleksandrov Gay,RU,2022-09-11 22:21:16,50.147,48.5704,50.45,56,60,7.76,broken clouds
456,Van,TR,2022-09-11 22:24:00,38.4924,43.3831,56.55,38,0,3.44,clear sky
457,Katsuura,JP,2022-09-11 22:24:01,35.1333,140.3,75.4,88,89,17.78,overcast clouds
458,Bathsheba,BB,2022-09-11 22:24:01,13.2167,-59.5167,84.81,74,40,13.8,scattered clouds
459,Sisimiut,GL,2022-09-11 22:24:02,66.9395,-53.6735,46.24,82,97,11.83,overcast clouds
460,Yinchuan,CN,2022-09-11 22:24:02,38.4681,106.2731,65.23,55,0,5.23,clear sky
461,Okhotsk,RU,2022-09-11 22:24:02,59.3833,143.3,45.14,55,8,16.13,clear sky
462,Marzuq,YE,2022-09-11 22:24:03,14.4,46.4667,81.93,47,82,6.42,broken clouds
463,Iqaluit,CA,2022-09-11 22:20:33,63.7506,-68.5145,46.13,75,75,10.36,broken clouds
464,Grafton,US,2022-09-11 22:23:34,42.207,-71.6856,72.12,76,40,6.91,light rain
465,Abalak,RU,2022-09-11 22:24:04,58.1286,68.5944,36.23,95,18,4.12,few clouds
466,Evensk,RU,2022-09-11 22:24:04,61.95,159.2333,50.2,62,79,5.3,broken clouds
467,Inongo,CD,2022-09-11 22:24:05,-1.95,18.2667,70.0,97,100,4.34,overcast clouds
468,Alugan,PH,2022-09-11 22:24:05,12.2188,125.4808,77.9,87,87,4.05,overcast clouds
469,Bardiyah,LY,2022-09-11 22:24:06,31.7561,25.0865,77.74,83,0,12.17,clear sky
470,Namalenga,TZ,2022-09-11 22:24:06,-10.95,39.1,66.04,91,17,5.12,few clouds
471,Eldorado,BR,2022-09-11 22:24:07,-23.7869,-54.2836,67.03,63,32,5.55,scattered clouds
472,Burgeo,CA,2022-09-11 22:24:07,47.6167,-57.6152,64.58,73,3,29.59,clear sky
473,Westport,US,2022-09-11 22:24:07,41.1415,-73.3579,72.18,81,100,3.44,overcast clouds
474,Kantunilkin,MX,2022-09-11 22:24:08,21.0917,-87.45,89.13,55,97,5.79,overcast clouds
475,Estelle,US,2022-09-11 22:24:09,29.8458,-90.1067,90.0,55,75,3.44,broken clouds
476,Sampit,ID,2022-09-11 22:24:10,-2.5333,112.95,72.5,99,95,0.83,overcast clouds
477,Shenjiamen,CN,2022-09-11 22:24:10,29.9576,122.298,76.91,86,100,8.88,overcast clouds
478,Yuli,NG,2022-09-11 22:24:11,9.6989,10.2744,73.09,95,80,4.56,broken clouds
479,Lerwick,GB,2022-09-11 22:24:11,60.1545,-1.1494,57.2,94,100,15.1,overcast clouds
480,Broken Hill,AU,2022-09-11 22:24:11,-31.95,141.4333,51.13,59,1,7.02,clear sky
481,Ratnagiri,IN,2022-09-11 22:24:06,16.9833,73.3,78.24,95,100,14.79,light rain
482,Olenegorsk,RU,2022-09-11 22:24:12,68.15,33.3,46.33,95,100,0.76,light rain
483,Tateyama,JP,2022-09-11 22:24:13,34.9833,139.8667,78.1,86,46,16.42,scattered clouds
484,Buique,BR,2022-09-11 22:24:14,-8.6231,-37.1558,66.69,82,60,10.13,broken clouds
485,Opuwo,NA,2022-09-11 22:24:14,-18.0607,13.84,67.82,39,29,4.14,scattered clouds
486,La Ronge,CA,2022-09-11 22:22:33,55.1001,-105.2842,71.85,30,100,5.75,overcast clouds
487,Harnai,PK,2022-09-11 22:24:15,30.1005,67.9374,82.42,57,1,0.69,clear sky
488,Montrose,US,2022-09-11 22:21:40,38.4166,-108.2673,78.21,8,61,6.91,broken clouds
489,Anjiang,CN,2022-09-11 22:24:15,27.3194,110.1031,69.35,92,19,0.96,few clouds
490,Mujiayingzi,CN,2022-09-11 22:24:16,42.1167,118.7833,59.9,81,0,5.99,clear sky
491,Trastenik,BG,2022-09-11 22:24:17,43.52,24.4685,67.84,73,75,13.8,light rain
492,Cuamba,MZ,2022-09-11 22:24:17,-14.8031,36.5372,74.66,31,3,7.47,clear sky
493,Am Timan,TD,2022-09-11 22:24:17,11.0297,20.2827,73.38,93,17,6.11,few clouds
494,Cabo San Lucas,MX,2022-09-11 22:23:12,22.8909,-109.9124,90.61,70,20,4.61,few clouds
495,Maragogi,BR,2022-09-11 22:24:18,-9.0122,-35.2225,73.6,77,70,7.07,broken clouds
496,Fort Saint James,CA,2022-09-11 22:24:18,54.4333,-124.25,75.52,26,14,4.9,few clouds
497,Ca Mau,VN,2022-09-11 22:24:19,9.1769,105.15,75.31,94,100,2.89,light rain
498,Lebu,CL,2022-09-11 22:24:20,-37.6167,-73.65,52.09,78,64,4.14,broken clouds
499,Bonthe,SL,2022-09-11 22:24:20,7.5264,-12.505,75.83,89,100,10.83,light rain
500,Antofagasta,CL,2022-09-11 22:24:20,-23.65,-70.4,58.28,77,71,9.8,broken clouds
501,Mongoumba,CF,2022-09-11 22:24:21,3.6415,18.5936,69.75,96,93,2.57,overcast clouds
502,Maracas,BR,2022-09-11 22:24:21,-13.4411,-40.4308,67.96,58,17,10.92,few clouds
503,Banda Aceh,ID,2022-09-11 22:24:22,5.5577,95.3222,78.96,80,100,5.59,overcast clouds
504,Chabahar,IR,2022-09-11 22:24:22,25.2919,60.643,82.54,82,53,5.21,broken clouds
505,Tondano,ID,2022-09-11 22:24:23,1.3038,124.9112,66.29,86,95,0.51,overcast clouds
506,Tromso,NO,2022-09-11 22:24:10,69.6496,18.957,46.42,87,75,3.44,broken clouds
507,Palu,ID,2022-09-11 22:22:03,-0.8917,119.8707,73.35,93,96,2.95,overcast clouds
508,Wanaka,NZ,2022-09-11 22:24:23,-44.7,169.15,52.11,67,100,3.0,overcast clouds
509,Meulaboh,ID,2022-09-11 22:24:24,4.1363,96.1285,75.83,89,100,4.81,overcast clouds
510,Emba,KZ,2022-09-11 22:24:24,48.8264,58.1442,49.33,59,4,3.89,clear sky
511,Upington,ZA,2022-09-11 22:24:25,-28.4478,21.2561,59.38,41,40,11.5,scattered clouds
512,Morehead,US,2022-09-11 22:24:25,37.2711,-87.1764,73.78,94,75,9.22,broken clouds
513,Richards Bay,ZA,2022-09-11 22:22:47,-28.783,32.0377,66.45,86,100,13.24,light rain
514,Jabinyanah,TN,2022-09-11 22:24:26,35.035,10.9081,84.0,63,5,1.54,clear sky
515,Port Lavaca,US,2022-09-11 22:24:26,28.615,-96.6261,93.52,40,0,5.75,clear sky
516,Morris,US,2022-09-11 22:24:26,40.8334,-74.5329,67.3,90,75,4.61,broken clouds
517,Tibati,CM,2022-09-11 22:24:27,6.4667,12.6333,66.72,99,98,2.53,moderate rain
518,Lotofaga,WS,2022-09-11 22:24:27,-13.9764,-171.8578,87.58,78,30,17.29,light rain
519,Manicore,BR,2022-09-11 22:24:27,-5.8092,-61.3003,92.41,29,29,1.45,scattered clouds
520,Paoua,CF,2022-09-11 22:24:28,7.2427,16.4406,68.7,98,99,4.21,moderate rain
521,Dekar,BW,2022-09-11 22:24:28,-21.5333,21.9333,66.0,16,0,6.06,clear sky
522,Taksimo,RU,2022-09-11 22:24:28,56.3444,114.8794,39.31,85,0,1.32,clear sky
523,Bonfim,BR,2022-09-11 22:24:29,3.0833,-59.95,80.37,76,58,3.6,broken clouds
524,Kalanguy,RU,2022-09-11 22:24:29,51.0167,116.5167,39.07,81,0,4.38,clear sky
525,Vardo,NO,2022-09-11 22:24:30,70.3705,31.1107,44.58,93,100,9.22,overcast clouds
526,Vuktyl,RU,2022-09-11 22:24:30,63.8567,57.3094,39.74,96,88,4.07,overcast clouds
527,Eenhana,NA,2022-09-11 22:24:31,-17.4667,16.3333,67.8,16,7,4.41,clear sky
528,Zhezkazgan,KZ,2022-09-11 22:24:31,47.8043,67.7144,51.42,62,94,13.2,overcast clouds
529,Asfi,MA,2022-09-11 22:24:31,32.2994,-9.2372,69.89,91,100,4.97,light rain
530,Ekhabi,RU,2022-09-11 22:24:32,53.5102,142.9671,48.69,70,100,6.06,light rain
531,Terney,RU,2022-09-11 22:24:32,45.0503,136.6092,60.89,75,100,3.15,overcast clouds
532,General Pico,AR,2022-09-11 22:24:32,-35.6566,-63.7568,60.4,25,100,0.27,overcast clouds
533,Kudat,MY,2022-09-11 22:24:33,6.8837,116.8477,73.33,100,20,0.0,few clouds
534,Sidney,AU,2022-09-11 22:23:34,-33.8679,151.2073,58.26,52,0,14.97,clear sky
535,Iwanai,JP,2022-09-11 22:24:33,42.9744,140.5089,65.17,90,98,6.17,overcast clouds
536,Bloemhof,ZA,2022-09-11 22:24:34,-27.6469,25.607,62.76,26,42,10.74,scattered clouds
537,Ozernovskiy,RU,2022-09-11 22:24:34,51.5,156.5167,53.76,94,89,6.67,overcast clouds
538,Anchorage,US,2022-09-11 22:24:35,61.2181,-149.9003,56.86,81,100,16.11,light rain
539,Port Victoria,KE,2022-09-11 22:24:35,0.0939,33.9756,70.2,67,59,4.65,broken clouds
540,Sao Jose Da Coroa Grande,BR,2022-09-11 22:24:36,-8.8978,-35.1478,73.92,76,66,7.29,broken clouds
541,Kaohsiung,TW,2022-09-11 22:24:36,22.6163,120.3133,80.55,83,75,13.8,broken clouds
542,Komsomolskiy,UZ,2022-09-11 22:24:37,40.4272,71.7189,65.12,39,66,6.91,broken clouds
543,Serik,TR,2022-09-11 22:24:37,36.9169,31.0989,75.74,65,0,3.29,clear sky
544,Cabadiangan,PH,2022-09-11 22:24:38,9.7531,122.4739,78.01,88,75,3.42,broken clouds
545,Springdale,US,2022-09-11 22:21:16,36.1867,-94.1288,76.73,47,20,13.8,few clouds
546,Abu Samrah,SY,2022-09-11 22:24:38,35.3029,37.1841,75.47,48,0,6.17,clear sky
547,Margate,GB,2022-09-11 22:22:12,51.3813,1.3862,64.9,93,100,9.35,overcast clouds
548,Arman,RU,2022-09-11 22:24:39,59.7,150.1667,50.36,58,4,4.52,clear sky
549,Mapastepec,MX,2022-09-11 22:24:39,15.4333,-92.9,80.4,88,82,1.25,broken clouds
550,Dhangadhi,NP,2022-09-11 22:24:40,28.7079,80.5961,76.77,83,3,4.12,clear sky
551,Horta,PT,2022-09-11 22:24:40,38.5333,-28.6333,72.12,80,100,21.25,overcast clouds
552,Yar-Sale,RU,2022-09-11 22:24:41,66.8333,70.8333,45.07,84,100,14.97,overcast clouds
553,Dzilam Gonzalez,MX,2022-09-11 22:24:41,21.2833,-88.9333,89.53,57,100,5.41,overcast clouds
554,Sao Raimundo Nonato,BR,2022-09-11 22:24:42,-9.0153,-42.6994,83.64,26,54,4.41,broken clouds
555,Sao Sebastiao Do Paraiso,BR,2022-09-11 22:24:42,-20.9169,-46.9914,78.03,36,85,5.21,overcast clouds
556,Mandan,US,2022-09-11 22:24:42,46.8267,-100.8896,84.36,25,0,10.36,clear sky
557,Qaqortoq,GL,2022-09-11 22:24:43,60.7167,-46.0333,45.03,91,58,4.38,broken clouds
558,Kuytun,RU,2022-09-11 22:24:43,54.3419,101.5036,48.09,73,100,9.31,overcast clouds
559,Suseni,RO,2022-09-11 22:24:44,46.6667,25.55,48.61,95,18,3.65,few clouds
560,Darnah,LY,2022-09-11 22:24:44,32.767,22.6367,78.93,65,0,14.07,clear sky
561,Manaquiri,BR,2022-09-11 22:24:44,-3.3167,-60.35,90.05,39,0,3.53,clear sky
562,Timmins,CA,2022-09-11 22:24:39,48.4669,-81.3331,64.22,68,75,6.91,broken clouds
563,Hastings,GB,2022-09-11 22:24:45,50.8552,0.5729,64.92,99,100,7.81,overcast clouds
564,Vao,NC,2022-09-11 22:24:45,-22.6667,167.4833,71.8,85,33,9.64,scattered clouds
565,Nhulunbuy,AU,2022-09-11 22:24:46,-12.2333,136.7667,77.61,94,96,0.0,overcast clouds
566,Manokwari,ID,2022-09-11 22:24:46,-0.8667,134.0833,79.56,70,100,4.59,overcast clouds
567,Cap Malheureux,MU,2022-09-11 22:24:46,-19.9842,57.6142,67.46,75,31,4.0,scattered clouds
568,Goderich,CA,2022-09-11 22:24:47,43.7501,-81.7165,75.52,60,98,9.22,overcast clouds
569,Rajpur,IN,2022-09-11 22:24:47,22.3,74.35,76.51,90,99,2.93,moderate rain
570,Tigil,RU,2022-09-11 22:24:48,57.8,158.6667,51.82,74,33,21.39,scattered clouds
571,Kargopol,RU,2022-09-11 22:21:10,61.5071,38.9456,41.63,85,56,4.56,broken clouds
572,Zhanaozen,KZ,2022-09-11 22:24:48,43.3,52.8,59.49,29,3,11.7,clear sky
573,Simpang,ID,2022-09-11 22:24:48,-1.2667,104.0833,73.13,99,100,3.15,heavy intensity rain
574,Tura,IN,2022-09-11 22:24:49,25.5198,90.2201,72.21,96,100,5.48,light rain
575,Tazovskiy,RU,2022-09-11 22:24:49,67.4667,78.7,39.61,90,100,17.81,light rain
576,Golpayegan,IR,2022-09-11 22:24:50,33.4537,50.2884,67.06,40,0,3.38,clear sky
577,Peniche,PT,2022-09-11 22:24:50,39.3558,-9.3811,72.1,88,100,8.1,light rain
578,Suclayin,PH,2022-09-11 22:24:51,15.7568,121.5503,77.22,87,100,8.52,overcast clouds
579,Sambava,MG,2022-09-11 22:24:20,-14.2667,50.1667,67.39,89,68,9.78,light rain
580,Xingyi,CN,2022-09-11 22:24:51,24.1877,102.817,59.97,99,100,1.16,overcast clouds
581,Novaya Igirma,RU,2022-09-11 22:24:52,57.1334,103.9112,44.06,86,100,2.8,overcast clouds
582,Ostersund,SE,2022-09-11 22:22:45,63.1792,14.6357,45.05,81,78,4.0,broken clouds
583,Ovre Ardal,NO,2022-09-11 22:24:52,61.3167,7.8,48.54,80,100,2.17,overcast clouds
584,Lieksa,FI,2022-09-11 22:24:53,63.3167,30.0167,51.6,76,100,8.41,overcast clouds
585,Beroroha,MG,2022-09-11 22:24:53,-21.6667,45.1667,70.09,41,0,3.56,clear sky
586,Pringsewu,ID,2022-09-11 22:24:53,-5.3582,104.9744,72.05,95,18,1.28,few clouds
587,Bequimao,BR,2022-09-11 22:24:54,-2.4489,-44.7825,77.65,80,92,6.42,overcast clouds
588,Shubarshi,KZ,2022-09-11 22:24:54,48.5872,57.1869,50.5,57,1,5.28,clear sky
589,Ahipara,NZ,2022-09-11 22:24:55,-35.1667,173.1667,60.24,91,23,18.32,few clouds
590,Warrnambool,AU,2022-09-11 22:24:55,-38.3833,142.4833,49.57,73,100,9.82,overcast clouds
591,Agaro,ET,2022-09-11 22:24:55,7.85,36.65,61.02,99,98,1.54,moderate rain
592,Bull Savanna,JM,2022-09-11 22:24:56,17.8868,-77.5902,81.84,76,68,2.66,broken clouds
593,Pitimbu,BR,2022-09-11 22:24:56,-7.4706,-34.8086,73.99,78,19,10.71,few clouds
594,Ternate,ID,2022-09-11 22:24:57,0.8,127.4,79.79,78,99,0.63,overcast clouds
595,Denpasar,ID,2022-09-11 22:24:57,-8.65,115.2167,76.71,94,75,2.3,broken clouds
596,Quang Ngai,VN,2022-09-11 22:24:12,15.1167,108.8,74.84,92,40,4.43,scattered clouds
597,Luxeuil-Les-Bains,FR,2022-09-11 22:24:58,47.8171,6.365,60.31,100,0,0.0,clear sky
598,Dubrovnik,HR,2022-09-11 22:24:58,42.6481,18.0922,73.04,49,0,18.41,clear sky
599,Kuruman,ZA,2022-09-11 22:24:58,-27.4524,23.4325,60.76,29,62,14.79,broken clouds
600,Sao Felix Do Xingu,BR,2022-09-11 22:24:59,-6.6447,-51.995,85.75,30,4,0.72,clear sky
601,Majalaya,ID,2022-09-11 22:24:59,-7.3378,106.6069,75.18,90,99,5.48,overcast clouds
602,Maningrida,AU,2022-09-11 22:24:59,-12.0667,134.2667,76.21,84,25,1.97,scattered clouds
603,Port Shepstone,ZA,2022-09-11 22:25:00,-30.7414,30.455,64.81,69,92,13.0,overcast clouds
604,Thaba-Tseka,LS,2022-09-11 22:25:00,-29.522,28.6084,52.43,30,55,5.95,broken clouds
605,Kamien Pomorski,PL,2022-09-11 22:25:01,53.9685,14.7726,57.56,85,23,2.86,few clouds
606,Nioro,GM,2022-09-11 22:25:01,13.35,-15.75,75.99,92,84,3.58,moderate rain
607,Rocha,UY,2022-09-11 22:25:01,-34.4833,-54.3333,44.11,82,29,6.4,scattered clouds
608,Mapiripan,CO,2022-09-11 22:23:01,2.8892,-72.1256,83.46,73,37,1.99,scattered clouds
609,Beryslav,UA,2022-09-11 22:25:02,46.8415,33.4284,62.69,62,46,2.82,scattered clouds
610,Nenjiang,CN,2022-09-11 22:25:03,49.1833,125.2167,54.66,90,99,9.57,overcast clouds
611,Sarahan,IN,2022-09-11 22:25:04,31.5167,77.8,57.4,89,4,2.57,clear sky
612,Heinola,FI,2022-09-11 22:25:04,61.2056,26.0381,44.01,73,8,2.75,clear sky
613,Lagoa,PT,2022-09-11 22:25:04,39.05,-27.9833,72.05,79,100,23.85,overcast clouds
614,Itaituba,BR,2022-09-11 22:20:15,-4.2761,-55.9836,89.08,32,6,2.3,clear sky
615,Pawa,PH,2022-09-11 22:25:05,13.1747,123.7328,77.68,91,69,5.59,broken clouds
616,Sirmaur,IN,2022-09-11 22:25:06,24.85,81.3833,75.56,89,39,7.96,scattered clouds
617,Pryazha,RU,2022-09-11 22:25:06,61.6926,33.6216,38.43,83,8,2.93,clear sky
618,Dapaong,TG,2022-09-11 22:25:07,10.8639,0.205,73.35,93,100,4.83,moderate rain
619,Yaring,TH,2022-09-11 22:25:07,6.8662,101.3689,77.52,82,100,5.91,moderate rain
620,Kulhudhuffushi,MV,2022-09-11 22:25:08,6.6221,73.07,80.17,82,83,14.12,broken clouds
621,Hami,CN,2022-09-11 22:20:24,42.8,93.45,78.28,18,0,6.4,clear sky
622,Fonte Boa,BR,2022-09-11 22:25:09,-2.4959,-66.2662,83.64,70,67,2.98,broken clouds
623,Koudougou,BF,2022-09-11 22:25:09,12.25,-2.3667,78.67,78,14,2.33,few clouds
624,Alofi,NU,2022-09-11 22:25:10,-19.0595,-169.9187,82.29,65,62,9.22,broken clouds
625,Muzhi,RU,2022-09-11 22:25:10,65.3667,64.6667,43.88,83,98,10.33,overcast clouds
626,Hualmay,PE,2022-09-11 22:25:10,-11.0964,-77.6139,63.55,76,22,12.37,few clouds
627,Sitia,GR,2022-09-11 22:25:11,35.2,26.0986,78.98,70,0,6.42,clear sky
628,Birin,NP,2022-09-11 22:25:11,26.8865,88.0718,61.21,94,54,5.61,broken clouds
629,Saint George,US,2022-09-11 22:25:12,37.1041,-113.5841,95.43,25,0,3.44,clear sky
630,Gualaquiza,EC,2022-09-11 22:25:12,-3.4,-78.55,73.04,69,64,2.91,light rain
631,Auki,SB,2022-09-11 22:25:13,-8.7676,160.7034,81.5,70,57,6.46,broken clouds
632,Sarankhola,BD,2022-09-11 22:25:13,22.3082,89.7897,76.78,96,100,11.56,moderate rain
633,Hofn,IS,2022-09-11 22:25:14,64.2539,-15.2082,52.41,75,92,16.26,overcast clouds
634,Vanimo,PG,2022-09-11 22:25:14,-2.6741,141.3028,77.36,85,97,3.62,overcast clouds
635,Capaccio,IT,2022-09-11 22:25:15,40.4244,15.0809,71.06,77,0,4.88,clear sky
636,Kuryk,KZ,2022-09-11 22:25:15,43.2,51.65,66.67,30,62,17.85,broken clouds
637,At-Bashi,KG,2022-09-11 22:25:15,41.1702,75.8106,50.94,81,97,1.66,light rain
638,Ambanja,MG,2022-09-11 22:25:16,-13.6833,48.45,71.38,84,98,1.12,overcast clouds
639,Karratha,AU,2022-09-11 22:25:16,-20.7377,116.8463,66.96,61,0,2.73,clear sky
640,Vohibinany,MG,2022-09-11 22:25:17,-17.35,49.0333,63.23,96,63,1.5,broken clouds
641,Yuzhou,CN,2022-09-11 22:25:17,34.1628,113.4639,68.04,61,0,1.72,clear sky
642,Flagstaff,US,2022-09-11 22:23:12,35.1981,-111.6513,80.31,45,40,8.05,scattered clouds
643,Agua Verde,MX,2022-09-11 22:25:18,22.9,-106.05,89.69,75,42,12.01,scattered clouds
644,Burgdorf,DE,2022-09-11 22:25:18,52.4463,10.0064,60.51,83,76,0.54,broken clouds
645,Palembang,ID,2022-09-11 22:25:18,-2.9167,104.7458,73.49,100,40,3.44,mist
646,Slave Lake,CA,2022-09-11 22:25:19,55.2834,-114.769,62.58,77,100,3.44,overcast clouds
647,Luancheng,CN,2022-09-11 22:25:19,37.8792,114.6517,68.16,75,12,1.39,few clouds
648,Avera,US,2022-09-11 22:25:20,33.194,-82.5271,82.45,77,100,9.71,overcast clouds
649,Tanete,ID,2022-09-11 22:25:20,-3.9443,119.7848,72.45,89,92,4.0,overcast clouds
650,Wairoa,NZ,2022-09-11 22:25:21,-39.0333,177.3667,51.55,98,100,1.99,moderate rain
651,Ankpa,NG,2022-09-11 22:25:21,7.3706,7.6253,68.56,95,20,3.58,few clouds
652,San Carlos,VE,2022-09-11 22:25:22,9.6612,-68.5827,81.86,82,40,2.42,scattered clouds
653,Miraflores,MX,2022-09-11 22:25:22,19.2167,-98.8083,76.03,76,86,4.18,overcast clouds
654,Sharjah,AE,2022-09-11 22:25:23,25.3573,55.4033,89.58,78,4,4.61,clear sky
655,Los Algarrobos,PA,2022-09-11 22:25:23,8.5,-82.4333,72.01,100,75,2.3,broken clouds
656,Baculin,PH,2022-09-11 22:25:23,7.4525,126.5842,78.12,82,82,5.08,broken clouds
657,Roma,US,2022-09-11 22:22:37,43.2128,-75.4557,68.68,86,100,3.62,overcast clouds
658,Erzincan,TR,2022-09-11 22:25:24,39.75,39.5,56.5,51,0,2.3,clear sky
659,Aberystwyth,GB,2022-09-11 22:25:24,52.4155,-4.0829,61.72,93,100,11.34,light rain
660,Gallup,US,2022-09-11 22:25:25,35.5281,-108.7426,79.56,49,100,24.16,overcast clouds
661,Orange Walk,BZ,2022-09-11 22:25:25,17.8333,-88.8333,79.7,95,100,5.14,overcast clouds
662,Canon City,US,2022-09-11 22:25:25,38.441,-105.2424,84.63,43,0,8.05,clear sky
663,San Julian,MX,2022-09-11 22:25:26,21.0167,-102.1667,72.41,53,44,4.5,scattered clouds
664,Buta,CD,2022-09-11 22:25:26,2.7858,24.73,69.37,99,53,2.48,light rain
665,Angra Dos Reis,BR,2022-09-11 22:25:26,-23.0067,-44.3181,63.28,88,100,2.66,overcast clouds
666,Kamloops,CA,2022-09-11 22:22:20,50.6665,-120.3192,72.59,35,75,5.75,broken clouds
667,Hervey Bay,AU,2022-09-11 22:25:27,-25.2986,152.8535,64.02,73,100,15.99,light rain
668,Waingapu,ID,2022-09-11 22:25:28,-9.6567,120.2641,74.68,84,29,6.35,scattered clouds
669,Ust-Kuyga,RU,2022-09-11 22:25:28,70.0167,135.6,37.09,85,100,5.79,overcast clouds
670,Rongcheng,CN,2022-09-11 22:25:28,30.634,117.8517,66.88,81,0,1.36,clear sky
671,Miri,MY,2022-09-11 22:25:29,4.4148,114.0089,73.54,100,20,2.3,light rain
672,Jiwani,PK,2022-09-11 22:25:29,25.05,61.7417,81.64,86,63,8.79,broken clouds
673,Kauhajoki,FI,2022-09-11 22:25:30,62.4333,22.1833,49.98,93,7,2.53,clear sky
674,Puerto Madero,MX,2022-09-11 22:25:30,14.7208,-92.4215,82.6,89,75,9.22,broken clouds
675,Lazaro Cardenas,MX,2022-09-11 22:25:31,17.9583,-102.2,82.53,79,100,6.31,overcast clouds
676,Tarauaca,BR,2022-09-11 22:25:31,-8.1614,-70.7656,84.58,60,96,3.11,overcast clouds
677,Salym,RU,2022-09-11 22:25:31,60.0625,71.4789,36.03,95,27,3.69,scattered clouds
678,San Andres,CO,2022-09-11 22:25:32,12.5847,-81.7006,86.02,79,100,11.5,overcast clouds
679,Valparaiso,CL,2022-09-11 22:22:12,-33.0393,-71.6273,56.84,100,20,10.36,few clouds
680,Payo,ID,2022-09-11 22:25:32,-3.7508,103.6372,71.87,98,100,1.05,overcast clouds
681,Shahrud,IR,2022-09-11 22:25:33,36.4182,54.9763,60.98,43,0,6.67,clear sky
682,Pinawa,CA,2022-09-11 22:24:52,50.1489,-95.8811,74.75,22,0,8.55,clear sky
683,Paredon,MX,2022-09-11 22:25:33,16.0333,-93.8667,83.66,74,83,1.05,broken clouds
684,Awbari,LY,2022-09-11 22:25:34,26.5921,12.7805,82.45,21,0,6.98,clear sky
685,Kudahuvadhoo,MV,2022-09-11 22:25:34,2.6708,72.8944,82.02,75,79,13.85,broken clouds
686,Sudbury,CA,2022-09-11 22:25:34,46.49,-80.99,72.57,75,100,5.01,overcast clouds
687,Tundla,IN,2022-09-11 22:25:35,27.2,78.2833,82.92,69,56,7.49,broken clouds
688,Ciudad Valles,MX,2022-09-11 22:23:16,21.9833,-99.0167,87.48,60,1,7.43,clear sky
689,Hay River,CA,2022-09-11 22:25:35,60.8156,-115.7999,58.98,47,75,11.5,broken clouds
